Fund Name,P1,P2,P3,P4,P5,Topsis Score,Rank
M1,0.82,0.67,4.8,60.9,16.8,0.5201725531662776,4
M2,0.8,0.64,5.7,63.2,17.59,0.4530060629390962,5
M3,0.86,0.74,5.4,67.8,18.7,0.4369414547325542,6
M4,0.82,0.67,4.8,66.7,18.25,0.5286899160485578,3
M5,0.88,0.77,7.0,51.9,15.14,0.29074179429563834,8
M6,0.76,0.58,6.5,37.7,11.39,0.3883725937721785,7
M7,0.95,0.9,3.0,67.1,17.99,0.5377079736514612,2
M8,0.62,0.38,4.3,51.5,14.2,0.6499494280711585,1
